Sample, Source,Position(mm),Absorbance, Fraction Number, Fraction Volume(ml)
672489.263,250651.105,0,-0.033826, , 
672394,250613.158,0.2,-0.033848, , 
672343.868,250591.132,0.3,-0.033878, , 
672400.684,250607.053,0.4,-0.033925, , 
672713.763,250729.868,0.49,-0.03387, , 
672566.711,250670.237,0.59,-0.033913, , 
672496.711,250646.026,0.69,-0.033897, , 
672612.974,250683.632,0.79,-0.033948, , 
672682.474,250704.553,0.89,-0.033993, , 
672588.605,250662.684,0.99,-0.034055, , 
672664.263,250692,1.09,-0.034044, , 
672635.842,250681.053,1.19,-0.034048, , 
672628.789,250674.526,1.29,-0.034083, , 
672636.105,250671.737,1.39,-0.034132, , 
673667.053,251052.237,1.48,-0.034165, , 
672500.526,250611.921,1.58,-0.034216, , 
672475.342,250600.842,1.68,-0.034231, , 
672550.816,250629.632,1.78,-0.034225, , 
672652.658,250663.789,1.88,-0.034259, , 
672778.605,250705.395,1.98,-0.034307, , 
673339.579,250912.711,2.08,-0.034322, , 
672657.184,250653.026,2.18,-0.034371, , 
672662.447,250645.105,2.28,-0.034459, , 
672425.842,250554.605,2.38,-0.03448, , 
672557.842,250599.816,2.48,-0.034516, , 
672419.079,250543.632,2.58,-0.034556, , 
672442.579,250553.474,2.68,-0.034547, , 
672204.132,250460.737,2.77,-0.034582, , 
672384,250526.447,2.87,-0.034593, , 
672270.237,250487.289,2.97,-0.034564, , 
672459.474,250546.947,3.07,-0.034662, , 
672498.342,250560.368,3.17,-0.034671, , 
672468.105,250543.158,3.27,-0.034725, , 
671831.526,250599.316,3.37,-0.032089, , 
671334.026,250573.711,3.47,-0.030652, , 
672039.368,250572.579,3.57,-0.033025, , 
125028.158,250505.763,3.67,3.751107, , 
10777.842,250446.684,3.76,9.266499, , 
10860.395,250423.974,3.86,9.249123, , 
10915.053,250455.737,3.96,9.238111, , 
10953.526,250579.526,4.06,9.231304, , 
10998.684,250739.711,4.16,9.223484, , 
11028.5,250439.421,4.26,9.214695, , 
11078.316,250523.079,4.36,9.205304, , 
11155.579,250541.974,4.46,9.189833, , 
11246.895,250566.447,4.56,9.171707, , 
11360.5,250541.816,4.66,9.148868, , 
11486.632,250521.553,4.75,9.123838, , 
11640.895,250486.316,4.85,9.093499, , 
11819.026,250464.184,4.95,9.059125, , 
12052.763,250462.895,5.05,9.015042, , 
12314.342,250610.289,5.15,8.968048, , 
12621.237,250528.816,5.25,8.911919, , 
12969.553,250622.553,5.35,8.851495, , 
13374.737,250585.763,5.45,8.781935, , 
13808.816,250580.316,5.55,8.710008, , 
14302,250590.105,5.65,8.631123, , 
14861.816,250629.474,5.75,8.545069, , 
15493.316,250661.684,5.85,8.45171, , 
16223.5,250722.789,5.95,8.348621, , 
17056.579,250694.842,6.04,8.235679, , 
17929.053,250599.632,6.14,8.122558, , 
19013.842,250559.947,6.24,7.99, , 
20186.737,250527.711,6.34,7.855003, , 
21473.842,250652.158,6.44,7.717022, , 
22969.605,250612.579,6.54,7.56513, , 
24729.763,250581.816,6.64,7.398692, , 
26703.579,250575.947,6.74,7.225828, , 
28948.868,250567.395,6.84,7.044066, , 
31464,250503.553,6.94,6.856002, , 
34195.868,250537.526,7.03,6.668934, , 
37186.842,250571.289,7.13,6.480538,1,1.003
40514.737,250593.026,7.23,6.287846, , 
44073,250680.605,7.33,6.099188, , 
47884.605,250498.842,7.43,5.910889, , 
52116.263,250581.789,7.53,5.721061, , 
57049.474,250570.842,7.63,5.517429, , 
62236.342,250559.053,7.73,5.321489, , 
68137.737,250513.684,7.83,5.11721, , 
74132.079,250480.842,7.93,4.927165, , 
80447.684,250451.132,8.02,4.742905, , 
87635.526,250793.395,8.12,4.553388, , 
95006.895,250805.658,8.22,4.371746, , 
102326.316,250510.842,8.32,4.202077, , 
110688.105,250427.921,8.42,4.024562, , 
119361.289,250506.737,8.52,3.8555, , 
128445.158,250450.079,8.62,3.689928, , 
137968,250460.632,8.72,3.529073, , 
148374.737,250654.053,8.82,3.36716, , 
158249.447,250291.526,8.92,3.218904, , 
169014.079,250266.053,9.02,3.070575, , 
180432.395,250401.342,9.12,2.924671, , 
191662.605,250486.947,9.22,2.789558, , 
202340.342,250470.947,9.31,2.667408, , 
213847.711,250639.421,9.41,2.544442, , 
225304.105,250537.421,9.51,2.426083, , 
238279.737,250484.105,9.61,2.299593, , 
249543.789,250539.211,9.71,2.196142, , 
263146.947,250622.658,9.81,2.077442, , 
274537.868,250423.263,9.91,1.980286, , 
286342.368,250527.737,10.01,1.886483, , 
298409.263,250459.316,10.11,1.792976, , 
310520.526,250440.079,10.21,1.703271, , 
322067.5,250643.737,10.31,1.622935, , 
332735,250488.789,10.41,1.548212, , 
344398,250474.5,10.51,1.470553, , 
354845.053,250555.237,10.6,1.404027, , 
366371.289,250641.395,10.7,1.332864, , 
376348.316,250512.579,10.8,1.271242, , 
385801.684,250452.395,10.9,1.214872, , 
395784.263,250495.316,11,1.157769, , 
405618.105,250498.974,11.1,1.102569, , 
414301.447,250411.211,11.2,1.054113, , 
423235.553,250408.658,11.3,1.006077, , 
432555.184,250414.079,11.4,0.957108, , 
441950.921,250464.132,11.5,0.909199, , 
451745.026,250520.184,11.59,0.860375, , 
460952.868,250523.395,11.69,0.814995, , 
469539.026,250500.684,11.79,0.773258, , 
478515.553,250586,11.89,0.731407, , 
487442.895,250486.605,11.99,0.688916, , 
495534.684,250461.5,12.09,0.651639, , 
503827.132,250394.368,12.19,0.613687, , 
512266.211,250458.342,12.29,0.57688, , 
520864.816,250486.526,12.39,0.539672, , 
529877.395,250566.184,12.49,0.501781, , 
538703.605,250715.026,12.58,0.465941, , 
547421.5,250890.895,12.68,0.431391, , 
554169.289,250551.921,12.78,0.400778, , 
561811.684,250727.053,12.88,0.371528, , 
569452.868,250780.684,12.98,0.341607, , 
576909.789,250767.921,13.08,0.312215, , 
583526.316,250690.211,13.18,0.285854, , 
589839.921,250692.105,13.28,0.261653, , 
596739.132,250703.158,13.38,0.235582, , 
603651.5,250719.105,13.48,0.209807, , 
609855.526,250698.816,13.58,0.186614, , 
615507.368,250676.711,13.67,0.165656, , 
621172.368,250756.474,13.77,0.145754, , 
626237.684,250769.263,13.87,0.127592, , 
631654.079,250821.289,13.97,0.108678, , 
636622.579,250756.316,14.07,0.090463, , 
641650.737,250729.158,14.17,0.072515, , 
647159.526,250803.263,14.27,0.053941,2,1.018
652135.026,250757.605,14.37,0.036296, , 
657726.921,250882.526,14.47,0.018202, , 
662342.447,250860.474,14.57,0.002267, , 
666911.237,250857.158,14.67,-0.013233, , 
671431.868,250821.947,14.77,-0.028751, , 
676146.184,250938.684,14.87,-0.04345, , 
680690.474,250987.632,14.96,-0.058085, , 
684718.684,250969.553,15.06,-0.071526, , 
688579.211,250882.079,15.16,-0.084963, , 
693022.053,250908.579,15.26,-0.099199, , 
697500.526,250866.684,15.36,-0.114071, , 
702058.947,250871.842,15.46,-0.128684, , 
706232.421,250899.921,15.56,-0.141771, , 
709959.605,250860.711,15.66,-0.153968, , 
713931.816,251078.474,15.76,-0.164571, , 
717478.447,251131.579,15.86,-0.175247, , 
720827.421,251118.395,15.96,-0.185845, , 
724287.447,251090.316,16.06,-0.196873, , 
727330.395,251045.579,16.16,-0.206709, , 
730471.289,251012.737,16.26,-0.216701, , 
733422.895,251061.289,16.36,-0.225341, , 
736566.816,251114.947,16.45,-0.234486, , 
739013.763,251116.237,16.55,-0.241938, , 
741579.658,251144.895,16.65,-0.249482, , 
744290.711,251260.316,16.75,-0.25666, , 
746300.263,251124.737,16.85,-0.263942, , 
748414.184,251157.711,16.95,-0.270012, , 
750938.158,251210.158,17.05,-0.277119, , 
752715.053,251106.079,17.15,-0.28337, , 
754748,251058.553,17.25,-0.289866, , 
756594.237,251039.974,17.35,-0.295531, , 
758708.763,251061.974,17.44,-0.301614, , 
759950.474,250889.421,17.54,-0.306842, , 
761754.421,250927.105,17.64,-0.311839, , 
763726.211,251010.447,17.74,-0.31691, , 
765733.632,251044.395,17.84,-0.322513, , 
767371.868,251069.816,17.94,-0.327094, , 
769345.763,251077.421,18.04,-0.332808, , 
770954.211,251030.737,18.14,-0.337926, , 
773014.289,251066.289,18.24,-0.343613, , 
774686.211,251040.553,18.34,-0.348706, , 
776054.553,251038,18.44,-0.3527, , 
777492.5,251079.132,18.54,-0.356497, , 
778601.395,251065.658,18.64,-0.359825, , 
779853.026,251035.289,18.73,-0.363712, , 
780894.605,251031.737,18.83,-0.366748, , 
782438.947,251171.526,18.93,-0.369941, , 
784209.947,251361.842,19.03,-0.373325, , 
784805.711,251215.421,19.13,-0.376345, , 
785833.947,251104.632,19.23,-0.380284, , 
786534.737,251080.763,19.33,-0.382504, , 
787215.974,251066.763,19.43,-0.384578, , 
787903.579,251090.079,19.53,-0.386334, , 
788871.579,251275.289,19.63,-0.387438, , 
788262.289,251079.237,19.72,-0.387455, , 
787913.026,251110.605,19.82,-0.386177, , 
787208.684,251106.474,19.92,-0.384201, , 
786145.158,251184.053,20.02,-0.380464, , 
784200.842,251173.474,20.12,-0.374986, , 
781378.342,251202.632,20.22,-0.36661, , 
777190.526,251205.868,20.32,-0.354487, , 
771923.421,251251.5,20.42,-0.338775, , 
765803.184,251298.474,20.52,-0.320441, , 
758704.263,251296,20.61,-0.299504, , 
750669.789,251286.974,20.71,-0.275626, , 
743153.526,251526.132,20.81,-0.250839, , 
733912.816,251280.263,20.91,-0.224882, , 
725321.711,251297.526,21.01,-0.198228, , 
717287.079,251297.947,21.11,-0.173157, , 
709749.737,251359.447,21.21,-0.148833, , 
703054.684,251293.737,21.31,-0.128092, , 
697192.789,251209.395,21.41,-0.110005,3,1.018
692765.684,251299.658,21.51,-0.094861, , 
688211.5,251057.342,21.61,-0.082189, , 
685158.316,251042.447,21.71,-0.072317, , 
683399,251089.263,21.81,-0.066111, , 
682212,251087.395,21.91,-0.062216, , 
682089.974,251192.789,22,-0.060869, , 
682705.368,251220.474,22.1,-0.06265, , 
683776.184,251200.447,22.2,-0.066357, , 
685834.342,251252.5,22.3,-0.072654, , 
688035.105,251186.421,22.4,-0.080456, , 
690665.842,251143.816,22.5,-0.089426, , 
693961.921,251179.289,22.6,-0.099822, , 
697826.132,251202.895,22.7,-0.112107, , 
702280.632,251423.263,22.8,-0.124453, , 
707290.684,251671.289,22.89,-0.138232, , 
711575.974,251523.237,22.99,-0.15315, , 
716166.447,251445.895,23.09,-0.168313, , 
721159.184,251496.368,23.19,-0.183496, , 
725320.947,251286.211,23.29,-0.198327, , 
729727.974,251111.579,23.39,-0.213524, , 
734275.447,251092.868,23.49,-0.227672, , 
739170.026,251141.842,23.59,-0.242185, , 
744250.763,251254.5,23.69,-0.256591, , 
748689.368,251250.789,23.79,-0.270006, , 
752971.842,251196.816,23.88,-0.283325, , 
757111.237,251195.316,23.98,-0.295676, , 
761209.474,251165.658,24.08,-0.30809, , 
765276.684,251262.526,24.18,-0.319215, , 
768704.816,251183.605,24.28,-0.32998, , 
771803.158,251151.553,24.38,-0.33932, , 
775011.342,251191.447,24.48,-0.348298, , 
777690.605,251242.947,24.58,-0.355603, , 
781235.105,251534.658,24.68,-0.363225, , 
784340.421,251742.632,24.78,-0.370292, , 
786174.842,251567.789,24.88,-0.377113, , 
789081.184,251846.263,24.98,-0.382928, , 
789791.158,251408.184,25.08,-0.388869, , 
791442.289,251374.842,25.18,-0.393868, , 
793206.132,251358.684,25.27,-0.399022, , 
794744.868,251381.079,25.37,-0.403183, , 
795973,251339.237,25.47,-0.407033, , 
797116.474,251304.395,25.57,-0.410575, , 
798213.342,251262.263,25.67,-0.414047, , 
799480.368,251324.395,25.77,-0.41706, , 
800488,251301.737,25.87,-0.420098, , 
801568.974,251312.395,25.97,-0.423039, , 
802553.158,251354.079,26.07,-0.425427, , 
803517.5,251402.579,26.16,-0.427696, , 
804270.947,251389.632,26.26,-0.429921, , 
804605.447,251307,26.36,-0.431596, , 
805106.421,251300.053,26.46,-0.433059, , 
805652.553,251314.395,26.56,-0.434457, , 
806273.158,251339.816,26.66,-0.435962, , 
807130.447,251464.053,26.76,-0.437241, , 
807409.553,251452.237,26.86,-0.438125, , 
807414.184,251387.632,26.96,-0.438716, , 
807531.632,251339.079,27.06,-0.439479, , 
807848.711,251420.868,27.15,-0.43963, , 
807918.737,251482.342,27.25,-0.439275, , 
807379.211,251383.5,27.35,-0.438656, , 
807121.447,251386.895,27.45,-0.437907, , 
806650.5,251429.289,27.55,-0.436214, , 
805869.395,251399.158,27.65,-0.434304, , 
804798.605,251399.5,27.75,-0.431308, , 
803362.105,251464.342,27.85,-0.426707, , 
801206.105,251595.895,27.95,-0.419483, , 
797115.632,251464.789,28.05,-0.409137, , 
792090.947,251509.711,28.15,-0.394504, , 
786622.763,251901.868,28.24,-0.375408, , 
777654.079,251689.368,28.34,-0.351502, , 
766734.737,251398.211,28.44,-0.322284, , 
755148.895,251354.079,28.54,-0.288414,4,1.017
743250.474,251479.237,28.64,-0.251552, , 
730639.474,251572.263,28.74,-0.212208, , 
717599.158,251418.316,28.84,-0.173058, , 
706466.605,251874.526,28.94,-0.133792, , 
695057.289,251839.5,29.04,-0.097464, , 
683933.921,251513.395,29.14,-0.064074, , 
675035.526,251457.579,29.24,-0.035102, , 
667624.289,251494.789,29.34,-0.009924, , 
661628.658,251465.605,29.44,0.010116, , 
657114.211,251497.605,29.53,0.02581, , 
653584.184,251474.237,29.63,0.037723, , 
651030.553,251443.658,29.73,0.046259, , 
649888.921,251421.711,29.84,0.050013, , 
650163.895,251459.079,29.94,0.049395, , 
651273.184,251470.211,30.03,0.045658, , 
653305.605,251541.605,30.13,0.039285, , 
655943.658,251600.763,30.23,0.030745, , 
658973.895,251512.474,30.33,0.019583, , 
662533.026,251515.974,30.43,0.007493, , 
666634.737,251413.868,30.53,-0.007311, , 
670821.553,251419.474,30.63,-0.02135, , 
676238.947,251516.526,30.73,-0.038583, , 
681270.868,251457.237,30.83,-0.055797, , 
686169.526,251369.5,30.93,-0.072706, , 
691820.763,251416.368,31.02,-0.090745, , 
697396.395,251457.974,31.12,-0.108437, , 
702564.895,251467.395,31.22,-0.124969, , 
708252.737,251621.447,31.32,-0.141737, , 
713382.763,251526.737,31.42,-0.158826, , 
718618.658,251493.368,31.52,-0.175581, , 
723175.368,251456.053,31.62,-0.19014, , 
728160.789,251563.658,31.72,-0.204638, , 
732639.737,251537.447,31.82,-0.218672, , 
737080.579,251646.5,31.92,-0.231297, , 
741995.421,252003.158,32.01,-0.243065, , 
744458.447,251554.842,32.11,-0.25453, , 
747871.395,251532.868,32.21,-0.26502, , 
751499.421,251560.737,32.31,-0.275662, , 
753266.868,251471.711,32.41,-0.281745, , 
756266.447,251515.447,32.51,-0.290297, , 
758930.842,251479.395,32.61,-0.298534, , 
760830.526,251492.132,32.71,-0.304047, , 
762669.474,251461.158,32.81,-0.309756, , 
764284.421,251415.079,32.91,-0.314929, , 
765212.5,251411.526,33,-0.317692, , 
766302.105,251480.816,33.1,-0.320274, , 
768189.053,251534.711,33.2,-0.325326, , 
769502.579,251556.947,33.3,-0.328972, , 
770932.684,251752.526,33.4,-0.331402, , 
770463.842,251566.053,33.5,-0.3317, , 
772224.079,251919.526,33.6,-0.333676, , 
770805.947,251536.316,33.7,-0.332965, , 
769896.632,251537.316,33.8,-0.3303, , 
769041.737,251501.5,33.9,-0.32812, , 
768449.184,251434.579,34,-0.326984, , 
767605.816,251483.211,34.1,-0.324078, , 
766982.158,251628.289,34.2,-0.320951, , 
764438.5,251500.789,34.3,-0.314616, , 
763322.421,251600.079,34.39,-0.310439, , 
761615.026,251632.763,34.49,-0.305108, , 
758039.553,251499.026,34.59,-0.295714, , 
753917.553,251465.921,34.69,-0.28374, , 
749410.579,251604.842,34.79,-0.269003, , 
742020.868,251568.921,34.89,-0.247024, , 
730597.658,251565.947,34.99,-0.212136, , 
718355.026,251595.658,35.09,-0.17384, , 
703042.658,251590.263,35.19,-0.1254, , 
683338.711,251574.132,35.29,-0.061571, , 
661491.026,251526.789,35.38,0.011132, , 
638535.605,251580.974,35.48,0.091099, , 
616028.368,251488.237,35.58,0.171025, , 
596952.632,251468.263,35.68,0.241634,5,1.018
579724.447,251525.605,35.78,0.308051, , 
565976.895,251504.211,35.88,0.36187, , 
555678.421,251451.632,35.98,0.402725, , 
546659.237,251410.289,36.08,0.439181, , 
541537.579,251455.184,36.18,0.460767, , 
538381.316,251504.5,36.28,0.474363, , 
538072.921,251425.316,36.37,0.474944, , 
539150.447,251414.921,36.47,0.470348, , 
542163.237,251517.421,36.57,0.458725, , 
545937.658,251499.763,36.67,0.442954, , 
550375.342,251459.158,36.77,0.424372, , 
555799.5,251533.263,36.87,0.402965, , 
561667.026,251567.579,36.97,0.379639, , 
568355.132,251783.868,37.07,0.354934, , 
574104.579,251497.184,37.17,0.329719, , 
580906.579,251519.132,37.27,0.303409, , 
587863.447,251337.368,37.37,0.274991, , 
595613.842,251309.105,37.47,0.245262, , 
602457.947,251272.526,37.56,0.219223, , 
609994.395,251409.158,37.66,0.192469, , 
617247.711,251333.895,37.76,0.165194, , 
624022.395,251293.053,37.86,0.140263, , 
631425.447,251389.5,37.96,0.114585, , 
638322.447,251299.895,38.06,0.089335, , 
645634.868,251310.526,38.16,0.063796, , 
652409.553,251298.789,38.26,0.0402, , 
658605.263,251306.658,38.36,0.019, , 
665468.237,251280.842,38.46,-0.00456, , 
670801.579,251312.079,38.56,-0.022245, , 
676178.079,251313.974,38.66,-0.040193, , 
682153.053,251382.211,38.76,-0.05938, , 
687128.158,251341.132,38.86,-0.076102, , 
692426.632,251441.658,38.95,-0.092488, , 
696679.711,251458.895,39.05,-0.106115, , 
700548.868,251279.895,39.15,-0.120181, , 
704251.605,251304,39.25,-0.131828, , 
708463.026,251274.316,39.35,-0.145512, , 
713637.132,251617.737,39.45,-0.158814, , 
717653.474,251687.947,39.55,-0.170816, , 
721555.105,251898.868,39.65,-0.181133, , 
723590.974,251437.789,39.75,-0.191596, , 
727549.526,251507,39.85,-0.203255, , 
730417.789,251486,39.94,-0.212297, , 
733122.237,251409.737,40.04,-0.221297, , 
735332.737,251316.737,40.14,-0.228905, , 
738210.737,251347.316,40.24,-0.237422, , 
741287.526,251350.579,40.34,-0.246753, , 
743504.026,251310.211,40.44,-0.253833, , 
745656.026,251240.5,40.54,-0.260962, , 
748381.105,251284.342,40.64,-0.268778, , 
750618.026,251357.342,40.74,-0.274841, , 
752663.132,251250.737,40.84,-0.281919, , 
754323.263,251219.158,40.93,-0.28716, , 
756555.842,251312.921,41.03,-0.292971, , 
758426.711,251294.158,41.13,-0.298697, , 
760368.184,251351.605,41.23,-0.303936, , 
762456.053,251359.605,41.33,-0.310036, , 
763964.947,251357.763,41.43,-0.314501, , 
765575,251306.658,41.53,-0.319697, , 
767069.974,251306.868,41.63,-0.324085, , 
768218.711,251320.842,41.73,-0.327328, , 
770245.079,251390.947,41.83,-0.332628, , 
770903.868,251193.553,41.92,-0.33632, , 
772535.605,251148.447,42.02,-0.341482, , 
773234.105,251162.395,42.12,-0.343391, , 
774985.395,251195,42.22,-0.34819, , 
776476.474,251240.368,42.32,-0.35211, , 
778111.737,251338.974,42.42,-0.355961, , 
779312.868,251461.658,42.52,-0.358334, , 
779803.605,251340.632,42.62,-0.360834, , 
780938.895,251285.632,42.72,-0.364601, , 
781840.184,251202.105,42.82,-0.367944,6,1.018
783088.947,251314.026,42.92,-0.370534, , 
784121.579,251368.5,43.02,-0.373011, , 
784416.711,251260.184,43.12,-0.374828, , 
785575.711,251291.553,43.21,-0.37787, , 
786410.711,251312.816,43.31,-0.38007, , 
787264.684,251343.921,43.41,-0.382234, , 
788158.632,251327.842,43.51,-0.384932, , 
788866.263,251332.263,43.61,-0.386912, , 
789480.895,251314.579,43.71,-0.388823, , 
790132.895,251293.711,43.81,-0.390868, , 
790948.658,251275.553,43.91,-0.393353, , 
791245,251161.763,44.01,-0.395215, , 
791773.947,251162.079,44.11,-0.396716, , 
792428.842,251170.895,44.2,-0.398498, , 
793231,251190.053,44.3,-0.400603, , 
793781.316,251220.5,44.4,-0.401891, , 
794437.579,251217.895,44.5,-0.403774, , 
794891.579,251225.895,44.6,-0.404988, , 
795510.868,251165.526,44.7,-0.407282, , 
796499.711,251255.737,44.8,-0.409269, , 
797418.237,251235.658,44.9,-0.412043, , 
797283.237,251207.553,45,-0.411913, , 
798079.526,251331.974,45.1,-0.413046, , 
798725.816,251306.211,45.19,-0.415098, , 
799274.026,251302.237,45.29,-0.416678, , 
800082.789,251273.211,45.39,-0.419214, , 
799917.974,251252.579,45.49,-0.418935, , 
800463.5,251224.711,45.59,-0.420719, , 
801770.605,251397.211,45.69,-0.422846, , 
802726.921,251350.737,45.79,-0.425944, , 
802716.974,251274.211,45.89,-0.426602, , 
802891.921,251253.368,45.99,-0.427279, , 
803324.474,251263.658,46.09,-0.428399, , 
803818.947,251304.105,46.18,-0.429421, , 
803696.684,251177.711,46.28,-0.430211, , 
804160.579,251202.763,46.38,-0.431285, , 
804667.105,251234,46.48,-0.432422, , 
805258.421,251280.237,46.58,-0.433661, , 
805422.447,251217.263,46.68,-0.434684, , 
805865.526,251225.974,46.78,-0.435844, , 
805795.947,251217.921,46.88,-0.435721, , 
805884,251206.553,46.98,-0.436069, , 
806057.474,251249.816,47.08,-0.436166, , 
805646.5,251188.947,47.18,-0.435564, , 
804952.605,251157.263,47.28,-0.433908, , 
804576.474,251187.447,47.38,-0.432586, , 
804108,251219.105,47.48,-0.430992, , 
803389.5,251185,47.57,-0.429285, , 
802452.342,251148.789,47.67,-0.426983, , 
802302.868,251321.237,47.77,-0.425019, , 
800229.263,251173.579,47.87,-0.420518, , 
798770.711,251192.395,47.97,-0.416244, , 
797322.211,251119.816,48.07,-0.41281, , 
796023.395,251071.974,48.17,-0.409569, , 
795710.711,251302.395,48.27,-0.406621, , 
795214.5,251483.342,48.37,-0.403597, , 
793636.158,251154.132,48.47,-0.402074, , 
793210.289,251112.132,48.56,-0.401242, , 
793006,251094.842,48.66,-0.400818, , 
792734.526,251100,48.76,-0.400001, , 
793516.158,251455.237,48.86,-0.399037, , 
792572.211,251133.079,48.96,-0.399244, , 
792959.763,251155.368,49.06,-0.400144, , 
793278.737,251134.579,49.16,-0.401236, , 
793883.474,251147.553,49.26,-0.402834, , 
794082.316,250983.105,49.36,-0.404872, , 
795473.553,251188.895,49.46,-0.406967, , 
796857.737,251418.579,49.55,-0.408822, , 
796785.5,251150.184,49.65,-0.411022, , 
797702.789,251143.526,49.75,-0.413671, , 
798397.711,251067.211,49.85,-0.416315,7,1.003
799030.974,250967.632,49.95,-0.418992, , 
800362.447,251122.921,50.05,-0.421346, , 
801471.842,251222.579,50.15,-0.423571, , 
802152.5,251188.289,50.25,-0.425788, , 
802621,251107.105,50.35,-0.42783, , 
803483.316,251061.974,50.45,-0.430651, , 
804576.237,251139.158,50.54,-0.433018, , 
805521.658,251107.947,50.64,-0.435941, , 
806976.447,251326.132,50.74,-0.438047, , 
807072,251240.053,50.84,-0.439084, , 
807099.132,251161.105,50.94,-0.439867, , 
807774.105,251174.474,51.04,-0.441628, , 
808475.079,251245.974,51.15,-0.44294, , 
808879,251282.921,51.25,-0.443733, , 
809193.395,251237.684,51.34,-0.445013, , 
809373.632,251147.316,51.44,-0.446324, , 
810241.079,251198.132,51.54,-0.448279, , 
810751.632,251198.684,51.64,-0.449692, , 
810850.789,251140.842,51.74,-0.450485, , 
810913.974,251047.842,51.84,-0.451494, , 
811599.289,251121.5,51.94,-0.452735, , 
812070.211,251145.974,52.04,-0.453821, , 
812180.553,251059.289,52.14,-0.454904, , 
812860,251111.342,52.24,-0.456319, , 
813511.132,251202.553,52.34,-0.457304, , 
813656.579,251098,52.44,-0.458643, , 
814389.763,251093.211,52.54,-0.460713, , 
814710.5,251074.789,52.64,-0.461764, , 
814791.526,251067.632,52.73,-0.462052, , 
815297.342,251081.895,52.83,-0.463321, , 
815636.237,251032.632,52.93,-0.464697, , 
816172.842,251070.763,53.03,-0.465836, , 
816456.553,251073.974,53.13,-0.466589, , 
817222.105,251211.289,53.23,-0.467468, , 
817172.974,251104.632,53.33,-0.468288, , 
817417.421,251057.184,53.43,-0.469386, , 
817984.737,251065.711,53.53,-0.470871, , 
818376.553,251059.658,53.63,-0.472003, , 
818708.289,251112.421,53.72,-0.472442, , 
818884.789,251120.316,53.82,-0.472857, , 
819308.974,251138.947,53.92,-0.473855, , 
819170.368,251080.105,54.02,-0.474002, , 
819202.579,251028.132,54.12,-0.474556, , 
819456.842,251050.921,54.22,-0.47505, , 
819587.105,251010.711,54.32,-0.475769, , 
819612.816,250904.579,54.42,-0.476791, , 
820095.816,250956.263,54.52,-0.477653, , 
819914.974,250886.816,54.62,-0.47778, , 
820008.184,250905.684,54.71,-0.477866, , 
820094.474,250911.579,54.81,-0.47805, , 
819985.684,250962.447,54.91,-0.477295, , 
819417.921,250939.132,55.01,-0.475946, , 
820179.711,251365.868,55.11,-0.474213, , 
818630.947,251173.579,55.21,-0.471682, , 
816925.026,251004.368,55.31,-0.468504, , 
815349.368,251020.684,55.41,-0.464013, , 
813833.974,251070.342,55.51,-0.459381, , 
811874.421,251066.658,55.61,-0.453989, , 
809590.947,251009.789,55.7,-0.44816, , 
807347.105,250995.053,55.8,-0.442047, , 
805333.447,251045,55.9,-0.435979, , 
803493.211,251093.816,56,-0.430393, , 
801266.737,250979.158,56.1,-0.425176, , 
799581.053,250948.526,56.2,-0.420712, , 
798493.632,251011.684,56.3,-0.417083, , 
797597.5,250987.184,56.4,-0.414775, , 
796804.237,250907.711,56.5,-0.413249, , 
797218.553,251180.921,56.6,-0.411969, , 
797785.263,251411.368,56.7,-0.411505, , 
796932.579,251111.684,56.8,-0.411782, , 
796836.263,251031.868,56.9,-0.412226, , 
797321.816,251083.921,57,-0.41313,8,1.018
797603.026,251039.737,57.09,-0.41432, , 
798349.184,251078.711,57.19,-0.416075, , 
799206.5,251142.605,57.29,-0.417917, , 
799824.447,251095.947,57.39,-0.420075, , 
800381.895,251067.553,57.49,-0.421897, , 
800931.184,251030.579,57.59,-0.423773, , 
801748.105,251103.5,57.69,-0.425413, , 
802088.658,251062.921,57.79,-0.426733, , 
803023.553,251199.763,57.89,-0.428128, , 
803542.368,251163.947,57.98,-0.429902, , 
803884.474,251120.026,58.08,-0.431254, , 
804221.974,251050.921,58.18,-0.432818, , 
804776.684,251043.421,58.28,-0.434437, , 
805484.289,251068.632,58.39,-0.436189, , 
806051.842,251089.553,58.49,-0.437586, , 
806532.447,251092.395,58.58,-0.438902, , 
807977.263,251371.421,58.68,-0.44043, , 
808685.053,251437.053,58.78,-0.441814, , 
807841.368,251062.579,58.88,-0.442819, , 
807993.395,250974.921,58.98,-0.444028, , 
809106.658,251164.895,59.08,-0.445424, , 
809851.632,251217.158,59.18,-0.447027, , 
809919.342,251052.474,59.28,-0.44869, , 
810451.526,251069.921,59.38,-0.450012, , 
810647.263,250999.658,59.48,-0.451186, , 
811297.526,251018.895,59.57,-0.452818, , 
811840.316,251079.132,59.67,-0.453783, , 
811931.868,251046.684,59.77,-0.454327, , 
812113.579,251041.079,59.87,-0.454881, , 
812298.553,250986.895,59.97,-0.45588, , 
812688.368,251019.632,60.07,-0.456666, , 
813173.842,251055.421,60.17,-0.457689, , 
813574.553,251086.184,60.27,-0.458522, , 
813977.158,251144.474,60.37,-0.459113, , 
813423.474,250909.053,60.47,-0.459692, , 
813878.263,250984.395,60.56,-0.460274, , 
813913,250973.026,60.66,-0.460472, , 
814176,251047.158,60.77,-0.460535, , 
814080,251032.395,60.86,-0.460402, , 
813741.289,250954.947,60.96,-0.460159, , 
813633.816,250996.842,61.06,-0.459487, , 
813656.868,251109.658,61.16,-0.458539, , 
812687.895,250947.526,61.26,-0.457311, , 
812146.368,251007.974,61.36,-0.455269, , 
811021.526,250953.737,61.46,-0.452636, , 
809862.447,250947.737,61.56,-0.449471, , 
809030.237,251138.105,61.66,-0.445451, , 
807278.342,251069.763,61.76,-0.441185, , 
804613.316,250794.605,61.85,-0.436211, , 
803068.316,250891.184,61.95,-0.43102, , 
801515.711,250980.895,62.05,-0.42586, , 
799739.263,250963.237,62.15,-0.421025, , 
798555.5,251095.5,62.25,-0.416506, , 
797063,251136.105,62.35,-0.411932, , 
795274.211,251005.5,62.45,-0.408046, , 
794014.605,251006.895,62.55,-0.404467, , 
792435.868,250822.026,62.65,-0.401646, , 
791639.447,250832.132,62.75,-0.399292, , 
791248.211,250897.184,62.84,-0.397596, , 
790698.421,250839.237,62.94,-0.396552, , 
790894.132,250920.789,63.04,-0.396377, , 
790888.184,250895.316,63.14,-0.396589, , 
790919.947,250875.842,63.24,-0.396854, , 
791195.605,250912.211,63.34,-0.397312, , 
791313.895,250881.026,63.44,-0.397928, , 
791548.184,250895,63.54,-0.398469, , 
791942.316,250924.816,63.64,-0.399322, , 
792737.053,251059.474,63.74,-0.400371, , 
793268.447,251104.5,63.83,-0.401476, , 
793406.763,251068.605,63.93,-0.40219, , 
793702.184,251024.237,64.03,-0.403425, , 
794004.079,251034.658,64.13,-0.404188,9,1.018
794355.211,251052.474,64.23,-0.405023, , 
794352.421,250982.026,64.33,-0.405647, , 
794671.263,251002.974,64.43,-0.406362, , 
794595.316,250908.026,64.53,-0.406998, , 
795172.816,251031.974,64.63,-0.407522, , 
795426.737,251025.921,64.73,-0.408295, , 
795712.289,251025.737,64.83,-0.409104, , 
796136.079,251014.579,64.93,-0.410402, , 
796363.079,250994.447,65.03,-0.411225, , 
796492.842,250986,65.12,-0.411667, , 
796880.316,251057.105,65.22,-0.412124, , 
797023.263,251052.632,65.32,-0.412568, , 
797002.316,250996,65.42,-0.413016, , 
796893.763,251044.868,65.52,-0.412272, , 
797547.658,251176.737,65.62,-0.412936, , 
797117.026,251075.421,65.72,-0.412628, , 
797352.947,251112.105,65.82,-0.412965, , 
796479.579,250893.711,65.92,-0.412457, , 
796620.289,251071.5,66.02,-0.411261, , 
795895,251004.421,66.11,-0.409812, , 
795387.605,251006.026,66.21,-0.408362, , 
794393.5,251018.868,66.31,-0.405433, , 
793340.026,251023.684,66.41,-0.402403, , 
791816.579,250995.289,66.51,-0.398332, , 
789994.158,250924.026,66.61,-0.393786, , 
788836.921,251106.921,66.71,-0.388847, , 
786412.184,251057.974,66.81,-0.382358, , 
783918.395,251106.921,66.91,-0.374771, , 
782055.368,251251.026,67.01,-0.368126, , 
778945.289,250995.947,67.1,-0.361444, , 
776424.974,250974.368,67.2,-0.354344, , 
774304.289,250975.5,67.3,-0.348179, , 
772651.579,251063.184,67.4,-0.342584, , 
771264.105,251051.158,67.5,-0.338647, , 
769826.316,250975.263,67.6,-0.335129, , 
769032.553,250923.816,67.7,-0.333268, , 
768777.921,250933.842,67.8,-0.332433, , 
768839.342,250995.158,67.9,-0.332063, , 
768419.711,250893.579,68,-0.331746, , 
769047.947,250930.868,68.09,-0.33325, , 
769100.158,250873.342,68.19,-0.333919, , 
769787.789,250890.789,68.29,-0.335774, , 
770179.605,250918.947,68.39,-0.336666, , 
771166.421,250941.474,68.49,-0.339346, , 
771786.684,250954.579,68.59,-0.341038, , 
772807.026,251062.632,68.69,-0.343042, , 
772924.842,250956.605,68.79,-0.344336, , 
773270.105,250873.789,68.89,-0.346084, , 
774214.579,250962.368,68.99,-0.348036, , 
774633.816,250940.368,69.09,-0.349452, , 
775348.868,251093.053,69.18,-0.350159, , 
774868.526,250861.974,69.28,-0.350837, , 
774821.211,250865.105,69.38,-0.350671, , 
774674.079,250901.763,69.48,-0.349915, , 
773954.895,250899.632,69.58,-0.347844, , 
772470.895,250876.395,69.68,-0.343733, , 
771344.579,250913.158,69.78,-0.34012, , 
769068.711,250871.5,69.88,-0.333843, , 
766732.105,250901.789,69.98,-0.326724, , 
763913.947,250904.658,70.08,-0.318411, , 
761192.447,250956.526,70.18,-0.309915, , 
758829.868,251103.289,70.28,-0.301603, , 
755848.632,250861,70.38,-0.294917, , 
753990.553,250838.816,70.48,-0.289577, , 
753218.711,250894.421,70.57,-0.286773, , 
752567.684,250775.368,70.67,-0.285895, , 
752913.289,250771.579,70.77,-0.286963, , 
753665.816,250795.553,70.87,-0.288996, , 
755412.763,250898.553,70.97,-0.293282, , 
756862.447,250927.632,71.07,-0.297336, , 
758048.816,250776.974,71.17,-0.302212, , 
759468.684,250843.289,71.27,-0.305828,10,1.017
760967.789,250800.816,71.37,-0.310647, , 
761982.579,250779.395,71.46,-0.313838, , 
763128.658,250854.763,71.56,-0.316544, , 
762994.105,250797.579,71.66,-0.316661, , 
763483,251029.237,71.76,-0.316024, , 
761849.211,250752.079,71.86,-0.31369, , 
760399.789,250739.211,71.96,-0.30952, , 
758600.342,250774.132,72.06,-0.303874, , 
756559.368,250812.842,72.16,-0.297464, , 
754274.053,250824.132,72.26,-0.290555, , 
752166.395,250809.658,72.36,-0.284387, , 
750468.579,250812.263,72.45,-0.279279, , 
750025.526,250859.789,72.56,-0.277523, , 
750281.474,250856.079,72.66,-0.278324, , 
751995.711,251021.184,72.76,-0.28198, , 
753370.789,251020.684,72.86,-0.286095, , 
754188,250934.868,72.96,-0.289305, , 
755185.684,250903.132,73.05,-0.292564, , 
755927.316,250974.184,73.15,-0.294136, , 
757137.289,251169.368,73.25,-0.295986, , 
757344.632,251274.816,73.35,-0.295657, , 
756843.684,251041.132,73.45,-0.296262, , 
756415.553,250939.368,73.55,-0.295901, , 
756705.763,250901.684,73.65,-0.297103, , 
757166.079,250881.605,73.75,-0.298651, , 
758264.421,250965.921,73.85,-0.301157, , 
758469.921,250933.579,73.95,-0.302057, , 
758479.237,250883.632,74.04,-0.302533, , 
758710.105,250853.237,74.14,-0.30349, , 
760842.921,251297.053,74.24,-0.305829, , 
760606.395,251021.211,74.34,-0.307601, , 
760951.289,250898,74.44,-0.309726, , 
761287,250849.526,74.54,-0.311154, , 
761901.921,250852.921,74.64,-0.31294, , 
761750.289,250732,74.74,-0.313578, , 
762290.316,250767.026,74.84,-0.314858, , 
762916.474,250840.789,74.94,-0.316044, , 
763436.816,250830.263,75.04,-0.317673, , 
764091.816,250856.553,75.14,-0.319367, , 
764243.211,250745.105,75.24,-0.320813, , 
764624.474,250731.053,75.33,-0.322061, , 
765162.026,250755.947,75.43,-0.323419, , 
765111.289,250667.658,75.53,-0.324063, , 
765741.263,250716.447,75.63,-0.325477, , 
766242.342,250780.553,75.73,-0.326374, , 
766617.842,250823.553,75.83,-0.32709, , 
766919.421,250815.237,75.93,-0.32805, , 
767187.368,250805.553,76.03,-0.328923, , 
767729.105,250855.263,76.13,-0.330066, , 
767835.026,250811.553,76.23,-0.330768, , 
768401.474,250817.605,76.32,-0.332374, , 
768913.974,250972.026,76.42,-0.332489, , 
769715.526,251153.921,76.52,-0.333203, , 
768952.526,250843.947,76.62,-0.333751,11,0.778
768886.526,250699.053,76.72,-0.334858, , 
769212,250755.368,76.82,-0.335305, , 
769701.079,250884.079,76.92,-0.33558, , 
771174.711,251326.132,77.02,-0.335923, , 
771384.789,251288.737,77.12,-0.336871, , 
771029.158,251087.526,77.22,-0.337636, , 
770647.632,250863.632,77.31,-0.33853, , 
770401.632,250760.342,77.41,-0.338738, , 
770762.026,250723.447,77.51,-0.340121, , 
770925.789,250736.211,77.61,-0.340485, , 
771225.763,250809.237,77.71,-0.340705, , 
771138.789,250772.079,77.81,-0.340785, , 
